File,Class
new_2_850.mat,0.500012
new_2_342.mat,0.499962
new_2_197.mat,0.499879
